"Year","site","Transect","lat","long","depth","algal_turf","macroalgae","turf_prod_kghaday_med","turf_prod_kghaday_lhd","turf_prod_kghaday_uhd","macr_prod_kghaday_med","macr_prod_kghaday_lhd","macr_prod_kghaday_uhd"
2005,"afareaitu",1,-17.56918333,-149.7840833,8.93999958,0.66,0.02,5.29545308586645,4.49260107766415,6.04187252771336,0.0182536749263748,0.0150679641941168,0.0222928368024394
2005,"afareaitu",2,-17.56918333,-149.7840833,8.93999958,0.62,0.02,4.97451653520788,4.22032222447239,5.67569843512467,0.0182536749263748,0.0150679641941168,0.0222928368024394
2005,"afareaitu",3,-17.56918333,-149.7840833,8.93999958,0.82,0,6.57919928850075,5.58171649043122,7.50656889806812,0,0,0
2005,"aroa",1,-17.47075,-149.7774,5.940000057,0.54,0,4.841009719929,4.30578150187658,5.34214389301075,0,0,0
2005,"aroa",2,-17.47075,-149.7774,5.940000057,0.58,0,5.19960303251633,4.62472827979337,5.73785825545599,0,0,0
2005,"aroa",3,-17.47075,-149.7774,5.940000057,0.52,0.02,4.66171306363533,4.14630811291819,5.14428671178813,0.0182536749263748,0.0150679641941168,0.0222928368024394
2005,"entre_2_baies",1,-17.47553333,-149.8370333,5.980000019,0.28,0,2.5061930673117,2.24465372706141,2.78371178381152,0,0,0
2005,"entre_2_baies",2,-17.47553333,-149.8370333,5.980000019,0.36,0.12,3.22224822940076,2.88598336336467,3.57905800775767,0.109522049558249,0.0904077851647007,0.133757020814637
2005,"entre_2_baies",3,-17.47553333,-149.8370333,5.980000019,0.44,0,3.93830339148982,3.52731299966793,4.37440423170381,0,0,0
2005,"gendron",1,-17.4995,-149.9275667,11.80000019,0.56,0,4.14284370762652,3.36856365717659,4.87434852481256,0,0,0
2005,"gendron",2,-17.4995,-149.9275667,11.80000019,0.68,0,5.03059593068935,4.09039872657157,5.91885178012953,0,0,0
2005,"gendron",3,-17.4995,-149.9275667,11.80000019,0.54,0.02,3.99488500378272,3.24825781227742,4.70026464892639,0.0182536749263748,0.0150679641941168,0.0222928368024394
2005,"haapiti",1,-17.55438333,-149.8977333,8.079999924,0.6,0,4.95438492616153,4.25310972079429,5.59443673105574,0,0,0
2005,"haapiti",2,-17.55438333,-149.8977333,8.079999924,0.82,0,6.77099273242075,5.81258328508553,7.64573019910951,0,0,0
2005,"haapiti",3,-17.55438333,-149.8977333,8.079999924,0.62,0,5.11953109036691,4.39488004482077,5.78091795542426,0,0,0
2005,"maatea",1,-17.5962,-149.7945,6.739999771,0.28,0.04,2.42985805612058,2.1378889015306,2.71230677640206,0.0365073498527497,0.0301359283882336,0.0445856736048789
2005,"maatea",2,-17.5962,-149.7945,6.739999771,0.16,0.06,1.38849031778319,1.22165080087463,1.54988958651546,0.0547610247791245,0.0452038925823504,0.0668785104073183
2005,"maatea",3,-17.5962,-149.7945,6.739999771,0.36,0.04,3.12410321501217,2.74871430196791,3.48725156965979,0.0365073498527497,0.0301359283882336,0.0445856736048789
2005,"motu_ahi",1,-17.54446667,-149.7755667,15,0.42,0,2.88093040926039,2.20990189912597,3.48248139389119,0,0,0
2005,"motu_ahi",2,-17.54446667,-149.7755667,15,0.52,0.02,3.56686622098906,2.73606901796549,4.31164363053195,0.0182536749263748,0.0150679641941168,0.0222928368024394
2005,"motu_ahi",3,-17.54446667,-149.7755667,15,0.52,0,3.56686622098906,2.73606901796549,4.31164363053195,0,0,0
2005,"nuarei",1,-17.50063333,-149.75465,10.59000015,0.5707,0,4.36428701533239,3.6193954447381,5.0765690685388,0,0,0
2005,"nuarei",2,-17.50063333,-149.75465,10.59000015,0.4285,0,3.27684770644809,2.71755904690779,3.81165208668105,0,0,0
2005,"nuarei",3,-17.50063333,-149.75465,10.59000015,0.56,0,4.28246141332773,3.55153574391683,4.98138895808959,0,0,0
2005,"pihaena",1,-17.4766,-149.8290333,8.18999958,0.56,0,4.60662588763349,3.95046656415309,5.20947350582998,0,0,0
2005,"pihaena",2,-17.4766,-149.8290333,8.18999958,0.44,0,3.61949176885488,3.10393801469171,4.0931577545807,0,0,0
2005,"pihaena",3,-17.4766,-149.8290333,8.18999958,0.42,0,3.45496941572511,2.96284992311482,3.90710512937248,0,0,0
2005,"taotaha",1,-17.53336667,-149.9188167,13.60999966,0.66,0,4.66728137673506,3.67077684703787,5.59173761545224,0,0,0
2005,"taotaha",2,-17.53336667,-149.9188167,13.60999966,0.58,0,4.10155030076717,3.22583419891207,4.91395123782167,0,0,0
2005,"taotaha",3,-17.53336667,-149.9188167,13.60999966,0.56,0,3.9601175317752,3.11459853688062,4.74450464341402,0,0,0
2005,"temae",1,-17.50675,-149.7599667,10.21000004,0.4082,0,3.15584401178368,2.62094860463038,3.64706451126564,0,0,0
2005,"temae",2,-17.50675,-149.7599667,10.21000004,0.46,0.08,3.55631613282825,2.95354325852517,4.10987181573295,0.0730146997054994,0.0602718567764672,0.0891713472097578
2005,"temae",3,-17.50675,-149.7599667,10.21000004,0.68,0,5.2571629789635,4.3661074256459,6.07546268412698,0,0,0
2005,"tetaiuo",1,-17.50521667,-149.9275333,15,0.56,0,3.84124054568052,2.94653586550129,4.64330852518825,0,0,0
2005,"tetaiuo",2,-17.50521667,-149.9275333,15,0.68,0,4.66436351975492,3.57793640810871,5.63830320915717,0,0,0
2005,"tetaiuo",3,-17.50521667,-149.9275333,15,0.54,0.02,3.70405338333479,2.84130244173339,4.4774760778601,0.0182536749263748,0.0150679641941168,0.0222928368024394
2005,"tiahura",1,-17.48283333,-149.8994444,12.32999992,0.4898,0,3.57527015338854,2.87870238332376,4.22720943980097,0,0,0
2005,"tiahura",2,-17.48283333,-149.8994444,12.32999992,0.52,0,3.79571351523487,3.05619689532126,4.48784995650573,0,0,0
2005,"tiahura",3,-17.48283333,-149.8994444,12.32999992,0.66,0,4.81763638472118,3.8790191363693,5.69611725248804,0,0,0
2006,"afareaitu",1,-17.56918333,-149.7840833,8.93999958,0.62,0,4.97451653520788,4.22032222447239,5.67569843512467,0,0,0
2006,"afareaitu",2,-17.56918333,-149.7840833,8.93999958,0.54,0,4.33264343389074,3.67576451808885,4.9433502499473,0,0,0
2006,"afareaitu",3,-17.56918333,-149.7840833,8.93999958,0.7,0,5.61638963652503,4.76487993085592,6.40804662030205,0,0,0
2006,"aroa",1,-17.47075,-149.7774,5.940000057,0.58,0.04,5.19960303251633,4.62472827979337,5.73785825545599,0.0365073498527497,0.0301359283882336,0.0445856736048789
2006,"aroa",2,-17.47075,-149.7774,5.940000057,0.62,0,5.55819634510367,4.94367505771015,6.13357261790123,0,0,0
2006,"aroa",3,-17.47075,-149.7774,5.940000057,0.6,0,5.37889968881,4.78420166875176,5.93571543667861,0,0,0
2006,"entre_2_baies",1,-17.47553333,-149.8370333,5.980000019,0.38,0.06,3.40126201992302,3.04631577244049,3.7778945637442,0.0547610247791245,0.0452038925823504,0.0668785104073183
2006,"entre_2_baies",2,-17.47553333,-149.8370333,5.980000019,0.4285,0.0612,3.83537046193951,3.43512186444934,4.26007321201155,0.055856245274707,0.0461079704339974,0.0682160806154647
2006,"entre_2_baies",3,-17.47553333,-149.8370333,5.980000019,0.3,0.06,2.68520685783397,2.40498613613723,2.98254833979805,0.0547610247791245,0.0452038925823504,0.0668785104073183
2006,"gendron",1,-17.4995,-149.9275667,11.80000019,0.4285,0.0204,3.17001522985351,2.57755272696458,3.72974704086104,0.0186187484249023,0.0153693234779991,0.0227386935384882
2006,"gendron",2,-17.4995,-149.9275667,11.80000019,0.46,0.02,3.4030501884075,2.76703443268077,4.00392914538174,0.0182536749263748,0.0150679641941168,0.0222928368024394
2006,"gendron",3,-17.4995,-149.9275667,11.80000019,0.56,0.08,4.14284370762652,3.36856365717659,4.87434852481256,0.0730146997054994,0.0602718567764672,0.0891713472097578
2006,"haapiti",1,-17.55438333,-149.8977333,8.079999924,0.7,0,5.78011574718845,4.96196134092667,6.52684285289836,0,0,0
2006,"haapiti",2,-17.55438333,-149.8977333,8.079999924,0.72,0,5.94526191139384,5.10373166495315,6.71332407726688,0,0,0
2006,"haapiti",3,-17.55438333,-149.8977333,8.079999924,0.7,0,5.78011574718845,4.96196134092667,6.52684285289836,0,0,0
2006,"maatea",1,-17.5962,-149.7945,6.739999771,0.54,0,4.68615482251826,4.12307145295187,5.23087735448969,0,0,0
2006,"maatea",2,-17.5962,-149.7945,6.739999771,0.58,0.04,5.03327740196406,4.42848415317053,5.61834975111856,0.0365073498527497,0.0301359283882336,0.0445856736048789
2006,"maatea",3,-17.5962,-149.7945,6.739999771,0.5,0.02,4.33903224307246,3.81765875273321,4.84340495786082,0.0182536749263748,0.0150679641941168,0.0222928368024394
2006,"motu_ahi",1,-17.54446667,-149.7755667,15,0.54,0,3.70405338333479,2.84130244173339,4.4774760778601,0,0,0
2006,"motu_ahi",2,-17.54446667,-149.7755667,15,0.5,0,3.42967905864332,2.63083559419758,4.1458111832038,0,0,0
2006,"motu_ahi",3,-17.54446667,-149.7755667,15,0.4,0,2.74374324691466,2.10466847535807,3.31664894656304,0,0,0
2006,"nuarei",1,-17.50063333,-149.75465,10.59000015,0.46,0,3.51773616094778,2.91733293250311,4.09185521557359,0,0,0
2006,"nuarei",2,-17.50063333,-149.75465,10.59000015,0.48,0,3.67068121142377,3.04417349478586,4.26976196407679,0,0,0
2006,"nuarei",3,-17.50063333,-149.75465,10.59000015,0.4,0,3.05890100951981,2.53681124565488,3.55813497006399,0,0,0
2006,"pihaena",1,-17.4766,-149.8290333,8.18999958,0.46,0,3.78401412198465,3.24502610626861,4.27921037978891,0,0,0
2006,"pihaena",2,-17.4766,-149.8290333,8.18999958,0.62,0,5.10019294702279,4.37373083888378,5.76763138145462,0,0,0
2006,"pihaena",3,-17.4766,-149.8290333,8.18999958,0.54,0,4.44210353450372,3.80937847257619,5.02342088062176,0,0,0
2006,"taotaha",1,-17.53336667,-149.9188167,13.60999966,0.64,0,4.52584860774309,3.55954118500642,5.4222910210446,0,0,0
2006,"taotaha",2,-17.53336667,-149.9188167,13.60999966,0.68,0,4.80871414572703,3.78201250906932,5.76118420985989,0,0,0
2006,"taotaha",3,-17.53336667,-149.9188167,13.60999966,0.7143,0,5.05127134454826,3.97278166945326,6.051785119269,0,0,0
2006,"temae",1,-17.50675,-149.7599667,10.21000004,0.58,0,4.48405077617475,3.72403280422739,5.18201228940242,0,0,0
2006,"temae",2,-17.50675,-149.7599667,10.21000004,0.54,0,4.17480589505925,3.46720295565998,4.8246321315126,0,0,0
2006,"temae",3,-17.50675,-149.7599667,10.21000004,0.5714,0,4.41756312673492,3.66881438678539,5.10517555545611,0,0,0
2006,"tetaiuo",1,-17.50521667,-149.9275333,15,0.58,0,3.97842770802626,3.0517692892692,4.80914097251641,0,0,0
2006,"tetaiuo",2,-17.50521667,-149.9275333,15,0.52,0,3.56686622098906,2.73606901796549,4.31164363053195,0,0,0
2006,"tetaiuo",3,-17.50521667,-149.9275333,15,0.68,0,4.66436351975492,3.57793640810871,5.63830320915717,0,0,0
2006,"tiahura",1,-17.48283333,-149.8994444,12.32999992,0.56,0,4.08769147794525,3.29128896419213,4.83306918392925,0,0,0
2006,"tiahura",2,-17.48283333,-149.8994444,12.32999992,0.5,0,3.64972453387969,2.93865086088583,4.31524034279397,0,0,0
2006,"tiahura",3,-17.48283333,-149.8994444,12.32999992,0.4,0,2.91977962710375,2.35092068870866,3.45219227423517,0,0,0
2007,"afareaitu",1,-17.56918333,-149.7840833,8.93999958,0.44,0.04,3.5303020572443,2.99506738510944,4.02791501847557,0.0365073498527497,0.0301359283882336,0.0445856736048789
2007,"afareaitu",2,-17.56918333,-149.7840833,8.93999958,0.62,0.06,4.97451653520788,4.22032222447239,5.67569843512467,0.0547610247791245,0.0452038925823504,0.0668785104073183
2007,"afareaitu",3,-17.56918333,-149.7840833,8.93999958,0.56,0,4.49311170922002,3.81190394468474,5.12643729624164,0,0,0
2007,"aroa",1,-17.47075,-149.7774,5.940000057,0.58,0,5.19960303251633,4.62472827979337,5.73785825545599,0,0,0
2007,"aroa",2,-17.47075,-149.7774,5.940000057,0.66,0.04,5.916789657691,5.26262183562693,6.52928698034647,0.0365073498527497,0.0301359283882336,0.0445856736048789
2007,"aroa",3,-17.47075,-149.7774,5.940000057,0.54,0,4.841009719929,4.30578150187658,5.34214389301075,0,0,0
2007,"entre_2_baies",1,-17.47553333,-149.8370333,5.980000019,0.48,0.02,4.29633097253434,3.84797781781956,4.77207734367689,0.0182536749263748,0.0150679641941168,0.0222928368024394
2007,"entre_2_baies",2,-17.47553333,-149.8370333,5.980000019,0.66,0,5.90745508723472,5.2909694995019,6.56160634755572,0,0,0
2007,"entre_2_baies",3,-17.47553333,-149.8370333,5.980000019,0.52,0.02,4.65435855357887,4.16864263597119,5.16975045564996,0.0182536749263748,0.0150679641941168,0.0222928368024394
2007,"gendron",1,-17.4995,-149.9275667,11.80000019,0.54,0.06,3.99488500378272,3.24825781227742,4.70026464892639,0.0547610247791245,0.0452038925823504,0.0668785104073183
2007,"gendron",2,-17.4995,-149.9275667,11.80000019,0.58,0.04,4.29080241147033,3.48886950207575,5.04843240069872,0.0365073498527497,0.0301359283882336,0.0445856736048789
2007,"gendron",3,-17.4995,-149.9275667,11.80000019,0.7,0.04,5.17855463453315,4.21070457147073,6.0929356560157,0.0365073498527497,0.0301359283882336,0.0445856736048789
2007,"haapiti",1,-17.55438333,-149.8977333,8.079999924,0.68,0,5.61496958298306,4.82019101690019,6.34036162852983,0,0,0
2007,"haapiti",2,-17.55438333,-149.8977333,8.079999924,0.86,0,7.10128506083153,6.09612393313848,8.01869264784656,0,0,0
2007,"haapiti",3,-17.55438333,-149.8977333,8.079999924,0.84,0,6.93613889662614,5.954353609112,7.83221142347803,0,0,0
2007,"maatea",1,-17.5962,-149.7945,6.739999771,0.64,0.02,5.55396127113275,4.88660320349851,6.19955834606186,0.0182536749263748,0.0150679641941168,0.0222928368024394
2007,"maatea",2,-17.5962,-149.7945,6.739999771,0.66,0.02,5.72752256085565,5.03930955360784,6.39329454437629,0.0182536749263748,0.0150679641941168,0.0222928368024394
2007,"maatea",3,-17.5962,-149.7945,6.739999771,0.74,0,6.42176771974724,5.65013495404515,7.16823933763402,0,0,0
2007,"motu_ahi",1,-17.54446667,-149.7755667,15,0.46,0,3.15530473395186,2.42036874666178,3.81414628854749,0,0,0
2007,"motu_ahi",2,-17.54446667,-149.7755667,15,0.54,0,3.70405338333479,2.84130244173339,4.4774760778601,0,0,0
2007,"motu_ahi",3,-17.54446667,-149.7755667,15,0.58,0,3.97842770802626,3.0517692892692,4.8091409725164,0,0,0
2007,"nuarei",1,-17.50063333,-149.75465,10.59000015,0.5,0.02,3.82362626189976,3.1710140570686,4.44766871257999,0.0182536749263748,0.0150679641941168,0.0222928368024394
2007,"nuarei",2,-17.50063333,-149.75465,10.59000015,0.52,0,3.97657131237575,3.29785461935134,4.62557546108319,0,0,0
2007,"nuarei",3,-17.50063333,-149.75465,10.59000015,0.44,0,3.36479111047179,2.79049237022037,3.91394846707039,0,0,0
2007,"pihaena",1,-17.4766,-149.8290333,8.18999958,0.46,0,3.78401412198465,3.24502610626861,4.27921037978891,0,0,0
2007,"pihaena",2,-17.4766,-149.8290333,8.18999958,0.38,0,3.12592470946558,2.68067373996102,3.53499987895606,0,0,0
2007,"pihaena",3,-17.4766,-149.8290333,8.18999958,0.42,0,3.45496941572511,2.96284992311482,3.90710512937248,0,0,0
2007,"taotaha",1,-17.53336667,-149.9188167,13.60999966,0.68,0,4.80871414572703,3.78201250906932,5.76118420985989,0,0,0
2007,"taotaha",2,-17.53336667,-149.9188167,13.60999966,0.76,0,5.37444522169492,4.22695515719513,6.43897058749046,0,0,0
2007,"taotaha",3,-17.53336667,-149.9188167,13.60999966,0.44,0,3.11152091782337,2.44718456469192,3.72782507696816,0,0,0
2007,"temae",1,-17.50675,-149.7599667,10.21000004,0.56,0.02,4.329428335617,3.59561787994368,5.00332221045751,0.0182536749263748,0.0150679641941168,0.0222928368024394
2007,"temae",2,-17.50675,-149.7599667,10.21000004,0.44,0,3.4016936922705,2.82512833424146,3.93118173678804,0,0,0
2007,"temae",3,-17.50675,-149.7599667,10.21000004,0.64,0,4.947918097848,4.10927757707849,5.71808252623715,0,0,0
2007,"tetaiuo",1,-17.50521667,-149.9275333,15,0.56,0,3.84124054568052,2.94653586550129,4.64330852518825,0,0,0
2007,"tetaiuo",2,-17.50521667,-149.9275333,15,0.56,0,3.84124054568052,2.94653586550129,4.64330852518825,0,0,0
2007,"tetaiuo",3,-17.50521667,-149.9275333,15,0.52,0,3.56686622098906,2.73606901796549,4.31164363053195,0,0,0
2007,"tiahura",1,-17.48283333,-149.8994444,12.32999992,0.82,0,5.98554823556269,4.81938741185276,7.07699416218211,0,0,0
2007,"tiahura",2,-17.48283333,-149.8994444,12.32999992,0.48,0,3.5037355525245,2.8211048264504,4.14263072908221,0,0,0
2007,"tiahura",3,-17.48283333,-149.8994444,12.32999992,0.52,0,3.79571351523487,3.05619689532126,4.48784995650573,0,0,0
2008,"afareaitu",1,-17.56918333,-149.7840833,8.93999958,0.66,0,5.29545308586646,4.49260107766415,6.04187252771336,0,0,0
2008,"afareaitu",2,-17.56918333,-149.7840833,8.93999958,0.58,0,4.65357998454931,3.94804337128062,5.30952434253599,0,0,0
2008,"afareaitu",3,-17.56918333,-149.7840833,8.93999958,0.5,0.02,4.01170688323216,3.40348566489709,4.57717615735861,0.0182536749263748,0.0150679641941168,0.0222928368024394
2008,"aroa",1,-17.47075,-149.7774,5.940000057,0.82,0,7.35116290804033,6.53840894729407,8.11214443012744,0,0,0
2008,"aroa",2,-17.47075,-149.7774,5.940000057,0.8,0,7.17186625174667,6.37893555833568,7.91428724890482,0,0,0
2008,"aroa",3,-17.47075,-149.7774,5.940000057,0.78,0.04,6.992569595453,6.21946216937729,7.7164300676822,0.0365073498527497,0.0301359283882336,0.0445856736048789
2008,"entre_2_baies",1,-17.47553333,-149.8370333,5.980000019,0.66,0,5.90745508723472,5.2909694995019,6.56160634755572,0,0,0
2008,"entre_2_baies",2,-17.47553333,-149.8370333,5.980000019,0.6,0.02,5.37041371566793,4.80997227227445,5.96509667959611,0.0182536749263748,0.0150679641941168,0.0222928368024394
2008,"entre_2_baies",3,-17.47553333,-149.8370333,5.980000019,0.74,0.02,6.62351024932378,5.93229913580516,7.35695257150187,0.0182536749263748,0.0150679641941168,0.0222928368024394
2008,"gendron",1,-17.4995,-149.9275667,11.80000019,0.74,0,5.47447204222076,4.45131626126906,6.44110340778802,0,0,0
2008,"gendron",2,-17.4995,-149.9275667,11.80000019,0.64,0.04,4.73467852300174,3.84978703677324,5.57068402835721,0.0365073498527497,0.0301359283882336,0.0445856736048789
2008,"gendron",3,-17.4995,-149.9275667,11.80000019,0.76,0.04,5.62243074606456,4.57162210616823,6.61518728367418,0.0365073498527497,0.0301359283882336,0.0445856736048789
2008,"haapiti",1,-17.55438333,-149.8977333,8.079999924,0.68,0,5.61496958298306,4.82019101690019,6.34036162852983,0,0,0
2008,"haapiti",2,-17.55438333,-149.8977333,8.079999924,0.44,0,3.63321561251845,3.11894712858248,4.10258693610754,0,0,0
2008,"haapiti",3,-17.55438333,-149.8977333,8.079999924,0.42,0,3.46806944831307,2.977176804556,3.91610571173902,0,0,0
2008,"maatea",1,-17.5962,-149.7945,6.739999771,0.42,0.04,3.64478708418087,3.2068333522959,4.06846016460309,0.0365073498527497,0.0301359283882336,0.0445856736048789
2008,"maatea",2,-17.5962,-149.7945,6.739999771,0.4,0.02,3.47122579445797,3.05412700218657,3.87472396628866,0.0182536749263748,0.0150679641941168,0.0222928368024394
2008,"maatea",3,-17.5962,-149.7945,6.739999771,0.4,0.06,3.47122579445797,3.05412700218657,3.87472396628866,0.0547610247791245,0.0452038925823504,0.0668785104073183
2008,"motu_ahi",1,-17.54446667,-149.7755667,15,0.54,0.02,3.70405338333479,2.84130244173339,4.4774760778601,0.0182536749263748,0.0150679641941168,0.0222928368024394
2008,"motu_ahi",2,-17.54446667,-149.7755667,15,0.6,0,4.11561487037199,3.1570027130371,4.97497341984456,0,0,0
2008,"motu_ahi",3,-17.54446667,-149.7755667,15,0.42,0,2.88093040926039,2.20990189912597,3.48248139389119,0,0,0
2008,"nuarei",1,-17.50063333,-149.75465,10.59000015,0.6,0.08,4.58835151427971,3.80521686848232,5.33720245509599,0.0730146997054994,0.0602718567764672,0.0891713472097578
2008,"nuarei",2,-17.50063333,-149.75465,10.59000015,0.6,0.04,4.58835151427971,3.80521686848232,5.33720245509599,0.0365073498527497,0.0301359283882336,0.0445856736048789
2008,"nuarei",3,-17.50063333,-149.75465,10.59000015,0.62,0.06,4.7412965647557,3.93205743076506,5.51510920359919,0.0547610247791245,0.0452038925823504,0.0668785104073183
2008,"pihaena",1,-17.4766,-149.8290333,8.18999958,0.86,0.02,7.07446118457999,6.06678793780653,8.00026288395318,0.0182536749263748,0.0150679641941168,0.0222928368024394
2008,"pihaena",2,-17.4766,-149.8290333,8.18999958,0.78,0,6.41637177206093,5.50243557149895,7.25605238312032,0,0,0
2008,"pihaena",3,-17.4766,-149.8290333,8.18999958,0.86,0,7.07446118458,6.06678793780653,8.00026288395318,0,0,0
2008,"taotaha",1,-17.53336667,-149.9188167,13.60999966,0.68,0,4.80871414572703,3.78201250906932,5.76118420985988,0,0,0
2008,"taotaha",2,-17.53336667,-149.9188167,13.60999966,0.66,0,4.66728137673506,3.67077684703787,5.59173761545224,0,0,0
2008,"taotaha",3,-17.53336667,-149.9188167,13.60999966,0.56,0,3.9601175317752,3.11459853688062,4.74450464341402,0,0,0
2008,"temae",1,-17.50675,-149.7599667,10.21000004,0.64,0.04,4.947918097848,4.10927757707849,5.71808252623715,0.0365073498527497,0.0301359283882336,0.0445856736048789
2008,"temae",2,-17.50675,-149.7599667,10.21000004,0.74,0.02,5.72103030063675,4.75135219849701,6.61153292096171,0.0182536749263748,0.0150679641941168,0.0222928368024394
2008,"temae",3,-17.50675,-149.7599667,10.21000004,0.9,0,6.95800982509875,5.77867159276663,8.041053552521,0,0,0
2008,"tetaiuo",1,-17.50521667,-149.9275333,15,0.6,0,4.11561487037199,3.1570027130371,4.97497341984456,0,0,0
2008,"tetaiuo",2,-17.50521667,-149.9275333,15,0.7,0,4.80155068210065,3.68316983187662,5.80413565648532,0,0,0
2008,"tetaiuo",3,-17.50521667,-149.9275333,15,0.78,0,5.35029933148359,4.10410352694823,6.46746544579792,0,0,0
2008,"tiahura",1,-17.48283333,-149.8994444,12.32999992,0.92,0,6.71549314233862,5.40711758402993,7.9400422307409,0,0,0
2008,"tiahura",2,-17.48283333,-149.8994444,12.32999992,0.78,0,5.69357027285231,4.5842953429819,6.73177493475859,0,0,0
2008,"tiahura",3,-17.48283333,-149.8994444,12.32999992,0.86,0,6.27752619827306,5.05447948072363,7.42221338960563,0,0,0
2009,"afareaitu",1,-17.56918333,-149.7840833,8.93999958,0.88,0,7.06060411448861,5.99013477021887,8.05583003695115,0,0,0
2009,"afareaitu",2,-17.56918333,-149.7840833,8.93999958,0.82,0,6.57919928850075,5.58171649043122,7.50656889806812,0,0,0
2009,"afareaitu",3,-17.56918333,-149.7840833,8.93999958,0.84,0,6.73966756383003,5.71785591702711,7.68965594436246,0,0,0
2009,"aroa",1,-17.47075,-149.7774,5.940000057,0.8,0.04,7.17186625174667,6.37893555833568,7.91428724890482,0.0365073498527497,0.0301359283882336,0.0445856736048789
2009,"aroa",2,-17.47075,-149.7774,5.940000057,0.8,0.02,7.17186625174667,6.37893555833568,7.91428724890482,0.0182536749263748,0.0150679641941168,0.0222928368024394
2009,"aroa",3,-17.47075,-149.7774,5.940000057,0.8,0.1,7.17186625174667,6.37893555833568,7.91428724890482,0.0912683746318742,0.075339820970584,0.111464184012197
2009,"entre_2_baies",1,-17.47553333,-149.8370333,5.980000019,0.68,0.18,6.08646887775699,5.45130190857771,6.76044290354226,0.164283074337374,0.135611677747051,0.200635531221955
2009,"entre_2_baies",2,-17.47553333,-149.8370333,5.980000019,0.72,0.16,6.44449645880152,5.77196672672934,7.15811601551533,0.146029399410999,0.120543713552934,0.178342694419516
2009,"entre_2_baies",3,-17.47553333,-149.8370333,5.980000019,0.92,0,8.23463436402416,7.3752908174875,9.1464815753807,0,0,0
2009,"gendron",1,-17.4995,-149.9275667,11.80000019,0.9,0.06,6.65814167297119,5.41376302046237,7.83377441487732,0.0547610247791245,0.0452038925823504,0.0668785104073183
2009,"gendron",2,-17.4995,-149.9275667,11.80000019,0.86,0.04,6.36222426528359,5.17315133066405,7.485606663105,0.0365073498527497,0.0301359283882336,0.0445856736048789
2009,"gendron",3,-17.4995,-149.9275667,11.80000019,0.7,0.16,5.17855463453315,4.21070457147073,6.0929356560157,0.146029399410999,0.120543713552934,0.178342694419516
2009,"haapiti",1,-17.55438333,-149.8977333,8.079999924,0.56,0.04,4.62409259775076,3.96956907274134,5.22147428231869,0.0365073498527497,0.0301359283882336,0.0445856736048789
2009,"haapiti",2,-17.55438333,-149.8977333,8.079999924,0.26,0.02,2.14690013467,1.84301421234419,2.42425591679082,0.0182536749263748,0.0150679641941168,0.0222928368024394
2009,"haapiti",3,-17.55438333,-149.8977333,8.079999924,0.48,0,3.96350794092922,3.40248777663543,4.47554938484459,0,0,0
2009,"maatea",1,-17.5962,-149.7945,6.739999771,0.58,0.04,5.03327740196406,4.42848415317053,5.61834975111856,0.0365073498527497,0.0301359283882336,0.0445856736048789
2009,"maatea",2,-17.5962,-149.7945,6.739999771,0.74,0,6.42176771974724,5.65013495404515,7.16823933763402,0,0,0
2009,"maatea",3,-17.5962,-149.7945,6.739999771,0.76,0,6.59532900947014,5.80284130415448,7.36197553594845,0,0,0
2009,"motu_ahi",1,-17.54446667,-149.7755667,15,0.84,0,5.76186081852078,4.41980379825194,6.96496278778238,0,0,0
2009,"motu_ahi",2,-17.54446667,-149.7755667,15,0.76,0,5.21311216913785,3.99887010318033,6.30163299846977,0,0,0
2009,"motu_ahi",3,-17.54446667,-149.7755667,15,0.82,0,5.62467365617505,4.31457037448404,6.79913034045423,0,0,0
2009,"nuarei",1,-17.50063333,-149.75465,10.59000015,0.68,0,5.20013171618367,4.3125791176133,6.04882944910879,0,0,0
2009,"nuarei",2,-17.50063333,-149.75465,10.59000015,0.9,0,6.88252727141957,5.70782530272348,8.00580368264399,0,0,0
2009,"nuarei",3,-17.50063333,-149.75465,10.59000015,0.72,0.06,5.50602181713566,4.56626024217878,6.40464294611519,0.0547610247791245,0.0452038925823504,0.0668785104073183
2009,"pihaena",1,-17.4766,-149.8290333,8.18999958,0.98,0,8.0615953033586,6.91331648726791,9.11657863520246,0,0,0
2009,"pihaena",2,-17.4766,-149.8290333,8.18999958,0.98,0,8.0615953033586,6.91331648726791,9.11657863520246,0,0,0
2009,"pihaena",3,-17.4766,-149.8290333,8.18999958,0.96,0.02,7.89707295022883,6.77222839569101,8.93052600999424,0.0182536749263748,0.0150679641941168,0.0222928368024394
2009,"taotaha",1,-17.53336667,-149.9188167,13.60999966,0.9,0.02,6.36447460463872,5.00560479141528,7.62509674834396,0.0182536749263748,0.0150679641941168,0.0222928368024394
2009,"taotaha",2,-17.53336667,-149.9188167,13.60999966,0.92,0.04,6.50590737363069,5.11684045344673,7.79454334275161,0.0365073498527497,0.0301359283882336,0.0445856736048789
2009,"taotaha",3,-17.53336667,-149.9188167,13.60999966,0.88,0,6.22304183564675,4.89436912938383,7.45565015393632,0,0,0
2009,"temae",1,-17.50675,-149.7599667,10.21000004,0.74,0.1,5.72103030063675,4.75135219849701,6.61153292096171,0.0912683746318742,0.075339820970584,0.111464184012197
2009,"temae",2,-17.50675,-149.7599667,10.21000004,0.68,0.08,5.2571629789635,4.3661074256459,6.07546268412698,0.0730146997054994,0.0602718567764672,0.0891713472097578
2009,"temae",3,-17.50675,-149.7599667,10.21000004,0.78,0.06,6.03027518175225,5.00818204706441,6.96891307885153,0.0547610247791245,0.0452038925823504,0.0668785104073183
2009,"tetaiuo",1,-17.50521667,-149.9275333,15,0.8,0,5.48748649382932,4.20933695071613,6.63329789312608,0,0,0
2009,"tetaiuo",2,-17.50521667,-149.9275333,15,0.7,0.18,4.80155068210065,3.68316983187662,5.80413565648532,0.164283074337374,0.135611677747051,0.200635531221955
2009,"tetaiuo",3,-17.50521667,-149.9275333,15,0.94,0,6.44779663024945,4.94597091709146,7.79412502442314,0,0,0
2009,"tiahura",1,-17.48283333,-149.8994444,12.32999992,0.96,0,7.007471105049,5.6422096529008,8.28526145816442,0,0,0
2009,"tiahura",2,-17.48283333,-149.8994444,12.32999992,0.94,0,6.86148212369381,5.52466361846536,8.11265184445266,0,0,0
2009,"tiahura",3,-17.48283333,-149.8994444,12.32999992,0.94,0,6.86148212369381,5.52466361846536,8.11265184445266,0,0,0
2010,"afareaitu",1,-17.56918333,-149.7840833,8.93999958,0.98,0,7.86294549113504,6.67083190319829,8.97126526842287,0,0,0
2010,"afareaitu",2,-17.56918333,-149.7840833,8.93999958,0.94,0,7.54200894047647,6.39855305000652,8.60509117583418,0,0,0
2010,"afareaitu",3,-17.56918333,-149.7840833,8.93999958,0.88,0,7.06060411448861,5.99013477021887,8.05583003695115,0,0,0
2010,"aroa",1,-17.47075,-149.7774,5.940000057,1,0,8.96483281468333,7.9736694479196,9.89285906113102,0,0,0
2010,"aroa",2,-17.47075,-149.7774,5.940000057,0.96,0,8.606239502096,7.65472267000281,9.49714469868578,0,0,0
2010,"aroa",3,-17.47075,-149.7774,5.940000057,0.86,0,7.70975622062767,6.85735572521085,8.50785879257268,0,0,0
2010,"entre_2_baies",1,-17.47553333,-149.8370333,5.980000019,0.94,0,8.41364815454643,7.53562322656331,9.34531813136724,0,0,0
2010,"entre_2_baies",2,-17.47553333,-149.8370333,5.980000019,0.92,0.02,8.23463436402416,7.3752908174875,9.1464815753807,0.0182536749263748,0.0150679641941168,0.0222928368024394
2010,"entre_2_baies",3,-17.47553333,-149.8370333,5.980000019,1,0,8.95068952611322,8.01662045379076,9.94182779932685,0,0,0
2010,"gendron",1,-17.4995,-149.9275667,11.80000019,0.92,0,6.806100376815,5.53406886536154,8.00785829076348,0,0,0
2010,"gendron",2,-17.4995,-149.9275667,11.80000019,0.98,0,7.24997648834641,5.89498640005903,8.53010991842197,0,0,0
2010,"gendron",3,-17.4995,-149.9275667,11.80000019,0.92,0,6.806100376815,5.53406886536154,8.00785829076348,0,0,0
2010,"haapiti",1,-17.55438333,-149.8977333,8.079999924,0.76,0,6.2755542398046,5.3872723130061,7.08628652600393,0,0,0
2010,"haapiti",2,-17.55438333,-149.8977333,8.079999924,0.72,0,5.94526191139384,5.10373166495315,6.71332407726688,0,0,0
2010,"haapiti",3,-17.55438333,-149.8977333,8.079999924,0.8,0,6.60584656821537,5.67081296105905,7.45924897474098,0,0,0
2010,"maatea",1,-17.5962,-149.7945,6.739999771,0.78,0,6.76889029919304,5.95554765426381,7.55571173426289,0,0,0
2010,"maatea",2,-17.5962,-149.7945,6.739999771,0.6,0.02,5.20683869168696,4.58119050327986,5.81208594943299,0.0182536749263748,0.0150679641941168,0.0222928368024394
2010,"maatea",3,-17.5962,-149.7945,6.739999771,0.68,0.04,5.90108385057855,5.19201590371717,6.58703074269072,0.0365073498527497,0.0301359283882336,0.0445856736048789
2010,"motu_ahi",1,-17.54446667,-149.7755667,15,0.94,0.02,6.44779663024945,4.94597091709146,7.79412502442314,0.0182536749263748,0.0150679641941168,0.0222928368024394
2010,"motu_ahi",2,-17.54446667,-149.7755667,15,0.94,0,6.44779663024945,4.94597091709146,7.79412502442314,0,0,0
2010,"motu_ahi",3,-17.54446667,-149.7755667,15,0.9,0,6.17342230555798,4.73550406955565,7.46246012976684,0,0,0
2010,"nuarei",1,-17.50063333,-149.75465,10.59000015,0.98,0,7.49430747332353,6.21518755185446,8.71743067665679,0,0,0
2010,"nuarei",2,-17.50063333,-149.75465,10.59000015,0.9,0,6.88252727141957,5.70782530272348,8.00580368264399,0,0,0
2010,"nuarei",3,-17.50063333,-149.75465,10.59000015,0.96,0,7.34136242284754,6.08834698957171,8.53952392815359,0,0,0
2010,"pihaena",1,-17.4766,-149.8290333,8.18999958,0.98,0,8.0615953033586,6.91331648726791,9.11657863520246,0,0,0
2010,"pihaena",2,-17.4766,-149.8290333,8.18999958,0.98,0,8.0615953033586,6.91331648726791,9.11657863520246,0,0,0
2010,"pihaena",3,-17.4766,-149.8290333,8.18999958,0.98,0,8.0615953033586,6.91331648726791,9.11657863520246,0,0,0
2010,"taotaha",1,-17.53336667,-149.9188167,13.60999966,0.96,0,6.78877291161463,5.33931177750963,8.1334365315669,0,0,0
2010,"taotaha",2,-17.53336667,-149.9188167,13.60999966,0.9,0,6.36447460463872,5.00560479141528,7.62509674834397,0,0,0
2010,"taotaha",3,-17.53336667,-149.9188167,13.60999966,0.94,0,6.64734014262266,5.22807611547818,7.96398993715925,0,0,0
2010,"temae",1,-17.50675,-149.7599667,10.21000004,0.98,0,7.57649958732975,6.29233128990144,8.75581386830064,0,0,0
2010,"temae",2,-17.50675,-149.7599667,10.21000004,0.94,0,7.26725470621425,6.03550144133404,8.39843371041082,0,0,0
2010,"temae",3,-17.50675,-149.7599667,10.21000004,0.96,0,7.421877146772,6.16391636561774,8.57712378935573,0,0,0
2010,"tetaiuo",1,-17.50521667,-149.9275333,15,0.96,0,6.58498379259518,5.05120434085936,7.95995747175129,0,0,0
2010,"tetaiuo",2,-17.50521667,-149.9275333,15,0.98,0,6.72217095494092,5.15643776462726,8.12578991907944,0,0,0
2010,"tetaiuo",3,-17.50521667,-149.9275333,15,0.96,0,6.58498379259518,5.05120434085936,7.95995747175129,0,0,0
2010,"tiahura",1,-17.48283333,-149.8994444,12.32999992,0.96,0,7.007471105049,5.6422096529008,8.28526145816442,0,0,0
2010,"tiahura",2,-17.48283333,-149.8994444,12.32999992,0.96,0,7.007471105049,5.6422096529008,8.28526145816442,0,0,0
2010,"tiahura",3,-17.48283333,-149.8994444,12.32999992,0.98,0,7.15346008640419,5.75975568733623,8.45787107187618,0,0,0
2011,"afareaitu",1,-17.56918333,-149.7840833,8.93999958,0.96,0,7.70247721580575,6.5346924766024,8.78817822212853,0,0,0
2011,"afareaitu",2,-17.56918333,-149.7840833,8.93999958,0.94,0,7.54200894047647,6.39855305000652,8.60509117583418,0,0,0
2011,"afareaitu",3,-17.56918333,-149.7840833,8.93999958,0.98,0,7.86294549113504,6.67083190319829,8.97126526842287,0,0,0
2011,"aroa",1,-17.47075,-149.7774,5.940000057,0.9,0.06,8.068349533215,7.17630250312764,8.90357315501792,0.0547610247791245,0.0452038925823504,0.0668785104073183
2011,"aroa",2,-17.47075,-149.7774,5.940000057,0.84,0.02,7.530459564334,6.69788233625246,8.31000161135006,0.0182536749263748,0.0150679641941168,0.0222928368024394
2011,"aroa",3,-17.47075,-149.7774,5.940000057,0.92,0.06,8.24764618950866,7.33577589208603,9.10143033624054,0.0547610247791245,0.0452038925823504,0.0668785104073183
2011,"entre_2_baies",1,-17.47553333,-149.8370333,5.980000019,0.94,0.04,8.41364815454643,7.53562322656331,9.34531813136724,0.0365073498527497,0.0301359283882336,0.0445856736048789
2011,"entre_2_baies",2,-17.47553333,-149.8370333,5.980000019,0.86,0,7.69759299245737,6.89429359026005,8.54997190742109,0,0,0
2011,"entre_2_baies",3,-17.47553333,-149.8370333,5.980000019,0.94,0.02,8.41364815454643,7.53562322656331,9.34531813136724,0.0182536749263748,0.0150679641941168,0.0222928368024394
2011,"gendron",1,-17.4995,-149.9275667,11.80000019,0.96,0,7.10201778450261,5.77468055515986,8.35602604253581,0,0,0
2011,"gendron",2,-17.4995,-149.9275667,11.80000019,0.8,0.02,5.91834815375217,4.81223379596655,6.96335503544651,0.0182536749263748,0.0150679641941168,0.0222928368024394
2011,"gendron",3,-17.4995,-149.9275667,11.80000019,0.88,0.08,6.51018296912739,5.29345717556321,7.65969053899116,0.0730146997054994,0.0602718567764672,0.0891713472097578
2011,"haapiti",1,-17.55438333,-149.8977333,8.079999924,0.94,0,7.76186971765306,6.66320522924439,8.76461754532065,0,0,0
2011,"haapiti",2,-17.55438333,-149.8977333,8.079999924,0.78,0,6.44070040400999,5.52904263703258,7.27276775037246,0,0,0
2011,"haapiti",3,-17.55438333,-149.8977333,8.079999924,0.58,0,4.78923876195615,4.11133939676781,5.40795550668721,0,0,0
2011,"maatea",1,-17.5962,-149.7945,6.739999771,0.8,0.02,6.94245158891594,6.10825400437314,7.74944793257732,0.0182536749263748,0.0150679641941168,0.0222928368024394
2011,"maatea",2,-17.5962,-149.7945,6.739999771,0.76,0.06,6.59532900947014,5.80284130415448,7.36197553594845,0.0547610247791245,0.0452038925823504,0.0668785104073183
2011,"maatea",3,-17.5962,-149.7945,6.739999771,0.86,0,7.46313545808464,6.56637305470113,8.33065652752062,0,0,0
2011,"motu_ahi",1,-17.54446667,-149.7755667,15,0.98,0,6.72217095494092,5.15643776462726,8.12578991907944,0,0,0
2011,"motu_ahi",2,-17.54446667,-149.7755667,15,0.98,0,6.72217095494092,5.15643776462726,8.12578991907944,0,0,0
2011,"motu_ahi",3,-17.54446667,-149.7755667,15,0.92,0,6.31060946790372,4.84073749332355,7.62829257709499,0,0,0
2011,"nuarei",1,-17.50063333,-149.75465,10.59000015,0.98,0,7.49430747332353,6.21518755185446,8.71743067665679,0,0,0
2011,"nuarei",2,-17.50063333,-149.75465,10.59000015,1,0,7.64725252379952,6.3420281141372,8.89533742515999,0,0,0
2011,"nuarei",3,-17.50063333,-149.75465,10.59000015,0.96,0,7.34136242284754,6.08834698957171,8.53952392815359,0,0,0
2011,"pihaena",1,-17.4766,-149.8290333,8.18999958,1,0,8.22611765648837,7.0544045788448,9.30263126041067,0,0,0
2011,"pihaena",2,-17.4766,-149.8290333,8.18999958,0.9,0.1,7.40350589083953,6.34896412096032,8.3723681343696,0.0912683746318742,0.075339820970584,0.111464184012197
2011,"pihaena",3,-17.4766,-149.8290333,8.18999958,0.92,0.04,7.5680282439693,6.49005221253722,8.55842075957782,0.0365073498527497,0.0301359283882336,0.0445856736048789
2011,"taotaha",1,-17.53336667,-149.9188167,13.60999966,0.9,0.02,6.36447460463872,5.00560479141528,7.62509674834397,0.0182536749263748,0.0150679641941168,0.0222928368024394
2011,"taotaha",2,-17.53336667,-149.9188167,13.60999966,0.9,0,6.36447460463872,5.00560479141528,7.62509674834397,0,0,0
2011,"taotaha",3,-17.53336667,-149.9188167,13.60999966,0.86,0.02,6.08160906665478,4.78313346735238,7.28620355952868,0.0182536749263748,0.0150679641941168,0.0222928368024394
2011,"temae",1,-17.50675,-149.7599667,10.21000004,0.92,0,7.1126322656565,5.90708651705033,8.21974363146591,0,0,0
2011,"temae",2,-17.50675,-149.7599667,10.21000004,0.94,0,7.26725470621425,6.03550144133404,8.39843371041082,0,0,0
2011,"temae",3,-17.50675,-149.7599667,10.21000004,0.96,0,7.421877146772,6.16391636561774,8.57712378935573,0,0,0
2011,"tetaiuo",1,-17.50521667,-149.9275333,15,0.98,0,6.72217095494092,5.15643776462726,8.12578991907944,0,0,0
2011,"tetaiuo",2,-17.50521667,-149.9275333,15,0.9,0.02,6.17342230555798,4.73550406955565,7.46246012976684,0.0182536749263748,0.0150679641941168,0.0222928368024394
2011,"tetaiuo",3,-17.50521667,-149.9275333,15,0.94,0,6.44779663024945,4.94597091709146,7.79412502442314,0,0,0
2011,"tiahura",1,-17.48283333,-149.8994444,12.32999992,0.94,0,6.86148212369381,5.52466361846536,8.11265184445266,0,0,0
2011,"tiahura",2,-17.48283333,-149.8994444,12.32999992,0.92,0,6.71549314233862,5.40711758402993,7.9400422307409,0,0,0
2011,"tiahura",3,-17.48283333,-149.8994444,12.32999992,0.94,0,6.86148212369381,5.52466361846536,8.11265184445266,0,0,0
2012,"afareaitu",1,-17.56918333,-149.7840833,8.93999958,0.94,0,7.54200894047647,6.39855305000652,8.60509117583418,0,0,0
2012,"afareaitu",2,-17.56918333,-149.7840833,8.93999958,0.96,0,7.70247721580575,6.5346924766024,8.78817822212853,0,0,0
2012,"afareaitu",3,-17.56918333,-149.7840833,8.93999958,0.86,0,6.90013583915932,5.85399534362299,7.87274299065681,0,0,0
2012,"aroa",1,-17.47075,-149.7774,5.940000057,0.84,0,7.530459564334,6.69788233625246,8.31000161135006,0,0,0
2012,"aroa",2,-17.47075,-149.7774,5.940000057,0.74,0.02,6.63397628286567,5.9005153914605,7.32071570523695,0.0182536749263748,0.0150679641941168,0.0222928368024394
2012,"aroa",3,-17.47075,-149.7774,5.940000057,0.88,0.04,7.88905287692133,7.01682911416925,8.7057159737953,0.0365073498527497,0.0301359283882336,0.0445856736048789
2012,"entre_2_baies",1,-17.47553333,-149.8370333,5.980000019,0.96,0,8.59266194506869,7.69595563563913,9.54415468735377,0,0,0
2012,"entre_2_baies",2,-17.47553333,-149.8370333,5.980000019,0.88,0,7.87660678297963,7.05462599933587,8.74880846340763,0,0,0
2012,"entre_2_baies",3,-17.47553333,-149.8370333,5.980000019,0.94,0.02,8.41364815454643,7.53562322656331,9.34531813136724,0.0182536749263748,0.0150679641941168,0.0222928368024394
2012,"gendron",1,-17.4995,-149.9275667,11.80000019,0.8,0.04,5.91834815375217,4.81223379596655,6.96335503544651,0.0365073498527497,0.0301359283882336,0.0445856736048789
2012,"gendron",2,-17.4995,-149.9275667,11.80000019,0.76,0.04,5.62243074606456,4.57162210616823,6.61518728367418,0.0365073498527497,0.0301359283882336,0.0445856736048789
2012,"gendron",3,-17.4995,-149.9275667,11.80000019,0.88,0.02,6.51018296912739,5.29345717556321,7.65969053899116,0.0182536749263748,0.0150679641941168,0.0222928368024394
2012,"haapiti",1,-17.55438333,-149.8977333,8.079999924,0.46,0,3.79836177672384,3.26071745260895,4.28906816047606,0,0,0
2012,"haapiti",2,-17.55438333,-149.8977333,8.079999924,0.54,0,4.45894643354538,3.82779874871486,5.03499305795016,0,0,0
2012,"haapiti",3,-17.55438333,-149.8977333,8.079999924,0.44,0,3.63321561251845,3.11894712858248,4.10258693610754,0,0,0
2012,"maatea",1,-17.5962,-149.7945,6.739999771,0.7,0,6.07464514030145,5.3447222538265,6.78076694100515,0,0,0
2012,"maatea",2,-17.5962,-149.7945,6.739999771,0.64,0,5.55396127113275,4.88660320349851,6.19955834606186,0,0,0
2012,"maatea",3,-17.5962,-149.7945,6.739999771,0.72,0,6.24820643002435,5.49742860393583,6.97450313931959,0,0,0
2012,"motu_ahi",1,-17.54446667,-149.7755667,15,0.9,0,6.17342230555798,4.73550406955565,7.46246012976684,0,0,0
2012,"motu_ahi",2,-17.54446667,-149.7755667,15,0.96,0,6.58498379259518,5.05120434085936,7.95995747175129,0,0,0
2012,"motu_ahi",3,-17.54446667,-149.7755667,15,0.9,0,6.17342230555798,4.73550406955565,7.46246012976684,0,0,0
2012,"nuarei",1,-17.50063333,-149.75465,10.59000015,0.86,0,6.57663717046759,5.45414417815799,7.64999018563759,0,0,0
2012,"nuarei",2,-17.50063333,-149.75465,10.59000015,0.96,0,7.34136242284754,6.08834698957171,8.53952392815359,0,0,0
2012,"nuarei",3,-17.50063333,-149.75465,10.59000015,0.86,0,6.57663717046759,5.45414417815799,7.64999018563759,0,0,0
2012,"pihaena",1,-17.4766,-149.8290333,8.18999958,1,0,8.22611765648837,7.0544045788448,9.30263126041067,0,0,0
2012,"pihaena",2,-17.4766,-149.8290333,8.18999958,0.98,0,8.0615953033586,6.91331648726791,9.11657863520246,0,0,0
2012,"pihaena",3,-17.4766,-149.8290333,8.18999958,0.88,0.06,7.23898353770976,6.20787602938343,8.18631550916139,0.0547610247791245,0.0452038925823504,0.0668785104073183
2012,"taotaha",1,-17.53336667,-149.9188167,13.60999966,0.82,0.02,5.79874352867083,4.56066214328948,6.94731037071339,0.0182536749263748,0.0150679641941168,0.0222928368024394
2012,"taotaha",2,-17.53336667,-149.9188167,13.60999966,0.78,0.02,5.51587799068689,4.33819081922658,6.6084171818981,0.0182536749263748,0.0150679641941168,0.0222928368024394
2012,"taotaha",3,-17.53336667,-149.9188167,13.60999966,0.86,0,6.08160906665478,4.78313346735238,7.28620355952868,0,0,0
2012,"temae",1,-17.50675,-149.7599667,10.21000004,0.94,0.02,7.26725470621425,6.03550144133404,8.39843371041082,0.0182536749263748,0.0150679641941168,0.0222928368024394
2012,"temae",2,-17.50675,-149.7599667,10.21000004,0.88,0,6.803387384541,5.65025666848293,7.86236347357609,0,0,0
2012,"temae",3,-17.50675,-149.7599667,10.21000004,0.94,0,7.26725470621425,6.03550144133404,8.39843371041082,0,0,0
2012,"tetaiuo",1,-17.50521667,-149.9275333,15,0.7,0,4.80155068210065,3.68316983187662,5.80413565648532,0,0,0
2012,"tetaiuo",2,-17.50521667,-149.9275333,15,0.52,0.04,3.56686622098906,2.73606901796549,4.31164363053195,0.0365073498527497,0.0301359283882336,0.0445856736048789
2012,"tetaiuo",3,-17.50521667,-149.9275333,15,0.84,0.04,5.76186081852078,4.41980379825194,6.96496278778238,0.0365073498527497,0.0301359283882336,0.0445856736048789
2012,"tiahura",1,-17.48283333,-149.8994444,12.32999992,0.94,0.02,6.86148212369381,5.52466361846536,8.11265184445266,0.0182536749263748,0.0150679641941168,0.0222928368024394
2012,"tiahura",2,-17.48283333,-149.8994444,12.32999992,0.92,0,6.71549314233862,5.40711758402993,7.9400422307409,0,0,0
2012,"tiahura",3,-17.48283333,-149.8994444,12.32999992,0.84,0.02,6.13153721691787,4.9369334462882,7.24960377589387,0.0182536749263748,0.0150679641941168,0.0222928368024394
2013,"afareaitu",1,-17.56918333,-149.7840833,8.93999958,0.94,0,7.54200894047647,6.39855305000652,8.60509117583418,0,0,0
2013,"afareaitu",2,-17.56918333,-149.7840833,8.93999958,0.96,0,7.70247721580575,6.5346924766024,8.78817822212853,0,0,0
2013,"afareaitu",3,-17.56918333,-149.7840833,8.93999958,0.9,0,7.22107238981789,6.12627419681476,8.2389170832455,0,0,0
2013,"aroa",1,-17.47075,-149.7774,5.940000057,0.7,0.12,6.27538297027833,5.58156861354372,6.92500134279171,0.109522049558249,0.0904077851647007,0.133757020814637
2013,"aroa",2,-17.47075,-149.7774,5.940000057,0.66,0.08,5.916789657691,5.26262183562693,6.52928698034647,0.0730146997054994,0.0602718567764672,0.0891713472097578
2013,"aroa",3,-17.47075,-149.7774,5.940000057,0.62,0.18,5.55819634510367,4.94367505771015,6.13357261790123,0.164283074337374,0.135611677747051,0.200635531221955
2013,"entre_2_baies",1,-17.47553333,-149.8370333,5.980000019,0.88,0.06,7.87660678297963,7.05462599933587,8.74880846340763,0.0547610247791245,0.0452038925823504,0.0668785104073183
2013,"entre_2_baies",2,-17.47553333,-149.8370333,5.980000019,0.66,0.06,5.90745508723472,5.2909694995019,6.56160634755572,0.0547610247791245,0.0452038925823504,0.0668785104073183
2013,"entre_2_baies",3,-17.47553333,-149.8370333,5.980000019,0.78,0.04,6.98153783036831,6.25296395395679,7.75462568347494,0.0365073498527497,0.0301359283882336,0.0445856736048789
2013,"gendron",1,-17.4995,-149.9275667,11.80000019,0.68,0.04,5.03059593068935,4.09039872657157,5.91885178012953,0.0365073498527497,0.0301359283882336,0.0445856736048789
2013,"gendron",2,-17.4995,-149.9275667,11.80000019,0.62,0.06,4.58671981915793,3.72948119187408,5.39660015247104,0.0547610247791245,0.0452038925823504,0.0668785104073183
2013,"gendron",3,-17.4995,-149.9275667,11.80000019,0.7,0.08,5.17855463453315,4.21070457147073,6.0929356560157,0.0730146997054994,0.0602718567764672,0.0891713472097578
2013,"haapiti",1,-17.55438333,-149.8977333,8.079999924,0.4,0,3.30292328410769,2.83540648052953,3.72962448737049,0,0,0
2013,"haapiti",2,-17.55438333,-149.8977333,8.079999924,0.54,0,4.45894643354538,3.82779874871486,5.03499305795016,0,0,0
2013,"haapiti",3,-17.55438333,-149.8977333,8.079999924,0.52,0,4.29380026933999,3.68602842468838,4.84851183358164,0,0,0
2013,"maatea",1,-17.5962,-149.7945,6.739999771,0.44,0.06,3.81834837390377,3.35953970240523,4.26219636291752,0.0547610247791245,0.0452038925823504,0.0668785104073183
2013,"maatea",2,-17.5962,-149.7945,6.739999771,0.44,0,3.81834837390377,3.35953970240523,4.26219636291752,0,0,0
2013,"maatea",3,-17.5962,-149.7945,6.739999771,0.46,0.04,3.99190966362667,3.51224605251456,4.45593256123196,0.0365073498527497,0.0301359283882336,0.0445856736048789
2013,"motu_ahi",1,-17.54446667,-149.7755667,15,0.92,0,6.31060946790372,4.84073749332355,7.62829257709499,0,0,0
2013,"motu_ahi",2,-17.54446667,-149.7755667,15,0.94,0,6.44779663024945,4.94597091709146,7.79412502442314,0,0,0
2013,"motu_ahi",3,-17.54446667,-149.7755667,15,0.9,0,6.17342230555798,4.73550406955565,7.46246012976684,0,0,0
2013,"nuarei",1,-17.50063333,-149.75465,10.59000015,0.88,0,6.72958222094358,5.58098474044074,7.82789693414079,0,0,0
2013,"nuarei",2,-17.50063333,-149.75465,10.59000015,0.94,0,7.18841737237155,5.96150642728897,8.36161717965039,0,0,0
2013,"nuarei",3,-17.50063333,-149.75465,10.59000015,0.8,0,6.11780201903962,5.07362249130976,7.11626994012799,0,0,0
2013,"pihaena",1,-17.4766,-149.8290333,8.18999958,0.96,0,7.89707295022883,6.77222839569101,8.93052600999425,0,0,0
2013,"pihaena",2,-17.4766,-149.8290333,8.18999958,0.94,0.04,7.73255059709906,6.63114030411411,8.74447338478603,0.0365073498527497,0.0301359283882336,0.0445856736048789
2013,"pihaena",3,-17.4766,-149.8290333,8.18999958,0.96,0,7.89707295022883,6.77222839569101,8.93052600999424,0,0,0
2013,"taotaha",1,-17.53336667,-149.9188167,13.60999966,0.82,0.04,5.79874352867083,4.56066214328948,6.94731037071339,0.0365073498527497,0.0301359283882336,0.0445856736048789
2013,"taotaha",2,-17.53336667,-149.9188167,13.60999966,0.86,0,6.08160906665478,4.78313346735238,7.28620355952868,0,0,0
2013,"taotaha",3,-17.53336667,-149.9188167,13.60999966,0.76,0.04,5.37444522169492,4.22695515719513,6.43897058749046,0.0365073498527497,0.0301359283882336,0.0445856736048789
2013,"temae",1,-17.50675,-149.7599667,10.21000004,0.9,0.02,6.95800982509875,5.77867159276663,8.041053552521,0.0182536749263748,0.0150679641941168,0.0222928368024394
2013,"temae",2,-17.50675,-149.7599667,10.21000004,0.9,0,6.95800982509875,5.77867159276663,8.041053552521,0,0,0
2013,"temae",3,-17.50675,-149.7599667,10.21000004,0.88,0,6.803387384541,5.65025666848293,7.86236347357609,0,0,0
2013,"tetaiuo",1,-17.50521667,-149.9275333,15,0.78,0,5.35029933148359,4.10410352694823,6.46746544579792,0,0,0
2013,"tetaiuo",2,-17.50521667,-149.9275333,15,0.72,0.04,4.93873784444639,3.78840325564452,5.96996810381347,0.0365073498527497,0.0301359283882336,0.0445856736048789
2013,"tetaiuo",3,-17.50521667,-149.9275333,15,0.74,0.06,5.07592500679212,3.89363667941242,6.13580055114162,0.0547610247791245,0.0452038925823504,0.0668785104073183
2013,"tiahura",1,-17.48283333,-149.8994444,12.32999992,0.84,0.12,6.13153721691787,4.9369334462882,7.24960377589387,0.109522049558249,0.0904077851647007,0.133757020814637
2013,"tiahura",2,-17.48283333,-149.8994444,12.32999992,0.84,0.04,6.13153721691787,4.9369334462882,7.24960377589387,0.0365073498527497,0.0301359283882336,0.0445856736048789
2013,"tiahura",3,-17.48283333,-149.8994444,12.32999992,0.9,0.06,6.56950416098343,5.2895715495945,7.76743261702914,0.0547610247791245,0.0452038925823504,0.0668785104073183
2014,"afareaitu",1,-17.56918333,-149.7840833,8.93999958,0.92,0,7.38154066514718,6.26241362341064,8.42200412953984,0,0,0
2014,"afareaitu",2,-17.56918333,-149.7840833,8.93999958,0.9,0,7.22107238981789,6.12627419681476,8.2389170832455,0,0,0
2014,"afareaitu",3,-17.56918333,-149.7840833,8.93999958,0.8,0,6.41873101317146,5.44557706383534,7.32348185177377,0,0,0
2014,"aroa",1,-17.47075,-149.7774,5.940000057,0.5,0.08,4.48241640734167,3.9868347239598,4.94642953056551,0.0730146997054994,0.0602718567764672,0.0891713472097578
2014,"aroa",2,-17.47075,-149.7774,5.940000057,0.7,0,6.27538297027833,5.58156861354372,6.92500134279171,0,0,0
2014,"aroa",3,-17.47075,-149.7774,5.940000057,0.74,0.1,6.63397628286567,5.9005153914605,7.32071570523695,0.0912683746318742,0.075339820970584,0.111464184012197
2014,"entre_2_baies",1,-17.47553333,-149.8370333,5.980000019,0.62,0.06,5.5494275061902,4.97030468135027,6.16393323558265,0.0547610247791245,0.0452038925823504,0.0668785104073183
2014,"entre_2_baies",2,-17.47553333,-149.8370333,5.980000019,0.62,0.06,5.5494275061902,4.97030468135027,6.16393323558265,0.0547610247791245,0.0452038925823504,0.0668785104073183
2014,"entre_2_baies",3,-17.47553333,-149.8370333,5.980000019,0.42,0.08,3.75928960096755,3.36698059059212,4.17556767571728,0.0730146997054994,0.0602718567764672,0.0891713472097578
2014,"gendron",1,-17.4995,-149.9275667,11.80000019,0.64,0,4.73467852300174,3.84978703677324,5.57068402835721,0,0,0
2014,"gendron",2,-17.4995,-149.9275667,11.80000019,0.66,0,4.88263722684554,3.97009288167241,5.74476790424337,0,0,0
2014,"gendron",3,-17.4995,-149.9275667,11.80000019,0.64,0,4.73467852300174,3.84978703677324,5.57068402835721,0,0,0
2014,"haapiti",1,-17.55438333,-149.8977333,8.079999924,0.52,0,4.29380026933999,3.68602842468838,4.84851183358164,0,0,0
2014,"haapiti",2,-17.55438333,-149.8977333,8.079999924,0.44,0,3.63321561251845,3.11894712858248,4.10258693610754,0,0,0
2014,"haapiti",3,-17.55438333,-149.8977333,8.079999924,0.64,0,5.2846772545723,4.53665036884724,5.96739917979279,0,0,0
2014,"maatea",1,-17.5962,-149.7945,6.739999771,0.44,0.04,3.81834837390377,3.35953970240523,4.26219636291752,0.0365073498527497,0.0301359283882336,0.0445856736048789
2014,"maatea",2,-17.5962,-149.7945,6.739999771,0.34,0,2.95054192528927,2.59600795185859,3.29351537134536,0,0,0
2014,"maatea",3,-17.5962,-149.7945,6.739999771,0.46,0.04,3.99190966362667,3.51224605251456,4.45593256123196,0.0365073498527497,0.0301359283882336,0.0445856736048789
2014,"motu_ahi",1,-17.54446667,-149.7755667,15,0.88,0,6.03623514321225,4.63027064578775,7.29662768243868,0,0,0
2014,"motu_ahi",2,-17.54446667,-149.7755667,15,0.9,0,6.17342230555798,4.73550406955565,7.46246012976684,0,0,0
2014,"motu_ahi",3,-17.54446667,-149.7755667,15,0.92,0,6.31060946790372,4.84073749332355,7.62829257709499,0,0,0
2014,"nuarei",1,-17.50063333,-149.75465,10.59000015,0.9,0,6.88252727141957,5.70782530272348,8.00580368264399,0,0,0
2014,"nuarei",2,-17.50063333,-149.75465,10.59000015,0.76,0,5.81191191808764,4.81994136674427,6.76045644312159,0,0,0
2014,"nuarei",3,-17.50063333,-149.75465,10.59000015,0.74,0,5.65896686761164,4.69310080446153,6.58254969461839,0,0,0
2014,"pihaena",1,-17.4766,-149.8290333,8.18999958,0.94,0,7.73255059709906,6.63114030411411,8.74447338478603,0,0,0
2014,"pihaena",2,-17.4766,-149.8290333,8.18999958,0.9,0,7.40350589083953,6.34896412096032,8.37236813436961,0,0,0
2014,"pihaena",3,-17.4766,-149.8290333,8.18999958,0.9,0,7.40350589083953,6.34896412096032,8.3723681343696,0,0,0
2014,"taotaha",1,-17.53336667,-149.9188167,13.60999966,0.64,0.02,4.52584860774309,3.55954118500642,5.4222910210446,0.0182536749263748,0.0150679641941168,0.0222928368024394
2014,"taotaha",2,-17.53336667,-149.9188167,13.60999966,0.64,0.02,4.52584860774309,3.55954118500642,5.4222910210446,0.0182536749263748,0.0150679641941168,0.0222928368024394
2014,"taotaha",3,-17.53336667,-149.9188167,13.60999966,0.72,0.04,5.09157968371097,4.00448383313223,6.10007739867517,0.0365073498527497,0.0301359283882336,0.0445856736048789
2014,"temae",1,-17.50675,-149.7599667,10.21000004,0.88,0,6.803387384541,5.65025666848293,7.86236347357609,0,0,0
2014,"temae",2,-17.50675,-149.7599667,10.21000004,0.86,0,6.64876494398325,5.52184174419923,7.68367339463118,0,0,0
2014,"temae",3,-17.50675,-149.7599667,10.21000004,0.92,0,7.1126322656565,5.90708651705033,8.21974363146591,0,0,0
2014,"tetaiuo",1,-17.50521667,-149.9275333,15,0.78,0,5.35029933148359,4.10410352694823,6.46746544579792,0,0,0
2014,"tetaiuo",2,-17.50521667,-149.9275333,15,0.78,0,5.35029933148359,4.10410352694823,6.46746544579792,0,0,0
2014,"tetaiuo",3,-17.50521667,-149.9275333,15,0.62,0.06,4.25280203271772,3.262236136805,5.14080586717271,0.0547610247791245,0.0452038925823504,0.0668785104073183
2014,"tiahura",1,-17.48283333,-149.8994444,12.32999992,0.76,0.02,5.54758129149712,4.46674930854646,6.55916532104683,0.0182536749263748,0.0150679641941168,0.0222928368024394
2014,"tiahura",2,-17.48283333,-149.8994444,12.32999992,0.68,0.04,4.96362536607637,3.99656517080473,5.8687268661998,0.0365073498527497,0.0301359283882336,0.0445856736048789
2014,"tiahura",3,-17.48283333,-149.8994444,12.32999992,0.64,0.06,4.671647403366,3.76147310193386,5.52350763877628,0.0547610247791245,0.0452038925823504,0.0668785104073183
2015,"afareaitu",1,-17.56918333,-149.7840833,8.93999958,0.72,0,5.77685791185431,4.9010193574518,6.5911336665964,0,0,0
2015,"afareaitu",2,-17.56918333,-149.7840833,8.93999958,0.86,0,6.90013583915932,5.85399534362299,7.87274299065681,0,0,0
2015,"afareaitu",3,-17.56918333,-149.7840833,8.93999958,0.94,0,7.54200894047647,6.39855305000652,8.60509117583418,0,0,0
2015,"aroa",1,-17.47075,-149.7774,5.940000057,0.28,0.1,2.51015318811133,2.23262744541749,2.77000053711669,0.0912683746318742,0.075339820970584,0.111464184012197
2015,"aroa",2,-17.47075,-149.7774,5.940000057,0.32,0.04,2.86874650069867,2.55157422333427,3.16571489956193,0.0365073498527497,0.0301359283882336,0.0445856736048789
2015,"aroa",3,-17.47075,-149.7774,5.940000057,0.42,0.06,3.765229782167,3.34894116812623,4.15500080567503,0.0547610247791245,0.0452038925823504,0.0668785104073183
2015,"entre_2_baies",1,-17.47553333,-149.8370333,5.980000019,0.46,0.02,4.11731718201208,3.68764540874375,4.57324078769035,0.0182536749263748,0.0150679641941168,0.0222928368024394
2015,"entre_2_baies",2,-17.47553333,-149.8370333,5.980000019,0.4,0.04,3.58027581044529,3.2066481815163,3.97673111973074,0.0365073498527497,0.0301359283882336,0.0445856736048789
2015,"entre_2_baies",3,-17.47553333,-149.8370333,5.980000019,0.52,0.04,4.65435855357887,4.16864263597119,5.16975045564996,0.0365073498527497,0.0301359283882336,0.0445856736048789
2015,"gendron",1,-17.4995,-149.9275667,11.80000019,0.64,0.1,4.73467852300174,3.84978703677324,5.57068402835721,0.0912683746318742,0.075339820970584,0.111464184012197
2015,"gendron",2,-17.4995,-149.9275667,11.80000019,0.48,0.02,3.5510088922513,2.88734027757993,4.17801302126791,0.0182536749263748,0.0150679641941168,0.0222928368024394
2015,"gendron",3,-17.4995,-149.9275667,11.80000019,0.62,0,4.58671981915793,3.72948119187408,5.39660015247104,0,0,0
2015,"haapiti",1,-17.55438333,-149.8977333,8.079999924,0.66,0,5.44982341877768,4.67842069287372,6.15388040416131,0,0,0
2015,"haapiti",2,-17.55438333,-149.8977333,8.079999924,0.68,0,5.61496958298307,4.82019101690019,6.34036162852984,0,0,0
2015,"haapiti",3,-17.55438333,-149.8977333,8.079999924,0.72,0,5.94526191139384,5.10373166495315,6.71332407726688,0,0,0
2015,"maatea",1,-17.5962,-149.7945,6.739999771,0.64,0.02,5.55396127113275,4.88660320349851,6.19955834606186,0.0182536749263748,0.0150679641941168,0.0222928368024394
2015,"maatea",2,-17.5962,-149.7945,6.739999771,0.72,0.02,6.24820643002435,5.49742860393583,6.97450313931959,0.0182536749263748,0.0150679641941168,0.0222928368024394
2015,"maatea",3,-17.5962,-149.7945,6.739999771,0.72,0.02,6.24820643002435,5.49742860393583,6.97450313931959,0.0182536749263748,0.0150679641941168,0.0222928368024394
2015,"motu_ahi",1,-17.54446667,-149.7755667,15,0.78,0,5.35029933148359,4.10410352694823,6.46746544579792,0,0,0
2015,"motu_ahi",2,-17.54446667,-149.7755667,15,0.78,0,5.35029933148359,4.10410352694823,6.46746544579792,0,0,0
2015,"motu_ahi",3,-17.54446667,-149.7755667,15,0.8,0,5.48748649382932,4.20933695071613,6.63329789312608,0,0,0
2015,"nuarei",1,-17.50063333,-149.75465,10.59000015,0.9,0,6.88252727141957,5.70782530272348,8.00580368264399,0,0,0
2015,"nuarei",2,-17.50063333,-149.75465,10.59000015,0.84,0,6.4236921199916,5.32730361587525,7.47208343713439,0,0,0
2015,"nuarei",3,-17.50063333,-149.75465,10.59000015,0.9,0,6.88252727141957,5.70782530272348,8.00580368264399,0,0,0
2015,"pihaena",1,-17.4766,-149.8290333,8.18999958,0.68,0,5.59376000641209,4.79699511361447,6.32578925707926,0,0,0
2015,"pihaena",2,-17.4766,-149.8290333,8.18999958,0.62,0.08,5.10019294702279,4.37373083888378,5.76763138145462,0.0730146997054994,0.0602718567764672,0.0891713472097578
2015,"pihaena",3,-17.4766,-149.8290333,8.18999958,0.68,0,5.59376000641209,4.79699511361447,6.32578925707926,0,0,0
2015,"taotaha",1,-17.53336667,-149.9188167,13.60999966,0.54,0.02,3.81868476278323,3.00336287484917,4.57505804900638,0.0182536749263748,0.0150679641941168,0.0222928368024394
2015,"taotaha",2,-17.53336667,-149.9188167,13.60999966,0.72,0.02,5.09157968371097,4.00448383313223,6.10007739867517,0.0182536749263748,0.0150679641941168,0.0222928368024394
2015,"taotaha",3,-17.53336667,-149.9188167,13.60999966,0.72,0,5.09157968371097,4.00448383313223,6.10007739867517,0,0,0
2015,"temae",1,-17.50675,-149.7599667,10.21000004,0.82,0.06,6.33952006286775,5.26501189563182,7.32629323674136,0.0547610247791245,0.0452038925823504,0.0668785104073183
2015,"temae",2,-17.50675,-149.7599667,10.21000004,0.88,0,6.803387384541,5.65025666848293,7.86236347357609,0,0,0
2015,"temae",3,-17.50675,-149.7599667,10.21000004,0.84,0,6.4941425034255,5.39342681991552,7.50498331568626,0,0,0
2015,"tetaiuo",1,-17.50521667,-149.9275333,15,0.7,0.02,4.80155068210065,3.68316983187662,5.80413565648532,0.0182536749263748,0.0150679641941168,0.0222928368024394
2015,"tetaiuo",2,-17.50521667,-149.9275333,15,0.62,0.02,4.25280203271772,3.262236136805,5.14080586717271,0.0182536749263748,0.0150679641941168,0.0222928368024394
2015,"tetaiuo",3,-17.50521667,-149.9275333,15,0.62,0.02,4.25280203271772,3.262236136805,5.14080586717271,0.0182536749263748,0.0150679641941168,0.0222928368024394
2015,"tiahura",1,-17.48283333,-149.8994444,12.32999992,0.62,0,4.52565842201081,3.64392706749843,5.35089802506452,0,0,0
2015,"tiahura",2,-17.48283333,-149.8994444,12.32999992,0.52,0.02,3.79571351523487,3.05619689532126,4.48784995650573,0.0182536749263748,0.0150679641941168,0.0222928368024394
2015,"tiahura",3,-17.48283333,-149.8994444,12.32999992,0.52,0.02,3.79571351523487,3.05619689532126,4.48784995650573,0.0182536749263748,0.0150679641941168,0.0222928368024394
2016,"afareaitu",1,-17.56918333,-149.7840833,8.93999958,0.66,0,5.29545308586645,4.49260107766415,6.04187252771336,0,0,0
2016,"afareaitu",2,-17.56918333,-149.7840833,8.93999958,0.8,0,6.41873101317146,5.44557706383534,7.32348185177377,0,0,0
2016,"afareaitu",3,-17.56918333,-149.7840833,8.93999958,0.84,0,6.73966756383003,5.7178559170271,7.68965594436246,0,0,0
2016,"aroa",1,-17.47075,-149.7774,5.940000057,0.42,0.06,3.765229782167,3.34894116812623,4.15500080567503,0.0547610247791245,0.0452038925823504,0.0668785104073183
2016,"aroa",2,-17.47075,-149.7774,5.940000057,0.46,0.02,4.12382309475433,3.66788794604301,4.55071516812027,0.0182536749263748,0.0150679641941168,0.0222928368024394
2016,"aroa",3,-17.47075,-149.7774,5.940000057,0.32,0.02,2.86874650069867,2.55157422333427,3.16571489956193,0.0182536749263748,0.0150679641941168,0.0222928368024394
2016,"entre_2_baies",1,-17.47553333,-149.8370333,5.980000019,0.32,0,2.86422064835623,2.56531854521304,3.18138489578459,0,0,0
2016,"entre_2_baies",2,-17.47553333,-149.8370333,5.980000019,0.34,0.02,3.04323443887849,2.72565095428886,3.38022145177113,0.0182536749263748,0.0150679641941168,0.0222928368024394
2016,"entre_2_baies",3,-17.47553333,-149.8370333,5.980000019,0.4,0,3.58027581044529,3.2066481815163,3.97673111973074,0,0,0
2016,"gendron",1,-17.4995,-149.9275667,11.80000019,0.44,0.02,3.2550914845637,2.6467285877816,3.82984526949558,0.0182536749263748,0.0150679641941168,0.0222928368024394
2016,"gendron",2,-17.4995,-149.9275667,11.80000019,0.58,0,4.29080241147033,3.48886950207575,5.04843240069872,0,0,0
2016,"gendron",3,-17.4995,-149.9275667,11.80000019,0.42,0.04,3.10713278071989,2.52642274288244,3.65576139360942,0.0365073498527497,0.0301359283882336,0.0445856736048789
2016,"haapiti",1,-17.55438333,-149.8977333,8.079999924,0.62,0,5.11953109036691,4.39488004482077,5.78091795542426,0,0,0
2016,"haapiti",2,-17.55438333,-149.8977333,8.079999924,0.7,0,5.78011574718845,4.96196134092667,6.52684285289836,0,0,0
2016,"haapiti",3,-17.55438333,-149.8977333,8.079999924,0.74,0,6.11040807559922,5.24550198897962,6.89980530163541,0,0,0
2016,"maatea",1,-17.5962,-149.7945,6.739999771,0.62,0.02,5.38039998140985,4.73389685338918,6.00582214774742,0.0182536749263748,0.0150679641941168,0.0222928368024394
2016,"maatea",2,-17.5962,-149.7945,6.739999771,0.86,0.02,7.46313545808464,6.56637305470113,8.33065652752062,0.0182536749263748,0.0150679641941168,0.0222928368024394
2016,"maatea",3,-17.5962,-149.7945,6.739999771,0.56,0.06,4.85971611224116,4.2757778030612,5.42461355280412,0.0547610247791245,0.0452038925823504,0.0668785104073183
2016,"motu_ahi",1,-17.54446667,-149.7755667,15,0.66,0,4.52717635740919,3.47270298434081,5.47247076182901,0,0,0
2016,"motu_ahi",2,-17.54446667,-149.7755667,15,0.88,0,6.03623514321225,4.63027064578775,7.29662768243868,0,0,0
2016,"motu_ahi",3,-17.54446667,-149.7755667,15,0.82,0,5.62467365617505,4.31457037448404,6.79913034045423,0,0,0
2016,"nuarei",1,-17.50063333,-149.75465,10.59000015,0.7,0,5.35307676665966,4.43941967989604,6.22673619761199,0,0,0
2016,"nuarei",2,-17.50063333,-149.75465,10.59000015,0.72,0,5.50602181713565,4.56626024217878,6.40464294611519,0,0,0
2016,"nuarei",3,-17.50063333,-149.75465,10.59000015,0.84,0,6.4236921199916,5.32730361587525,7.47208343713439,0,0,0
2016,"pihaena",1,-17.4766,-149.8290333,8.18999958,0.36,0,2.96140235633581,2.53958564838413,3.34894725374784,0,0,0
2016,"pihaena",2,-17.4766,-149.8290333,8.18999958,0.4,0.14,3.29044706259535,2.82176183153792,3.72105250416427,0.127775724484624,0.105475749358818,0.156049857617076
2016,"pihaena",3,-17.4766,-149.8290333,8.18999958,0.28,0.1,2.30331294381674,1.97523328207655,2.60473675291499,0.0912683746318742,0.075339820970584,0.111464184012197
2016,"taotaha",1,-17.53336667,-149.9188167,13.60999966,0.48,0.02,3.39438645580732,2.66965588875482,4.06671826578345,0.0182536749263748,0.0150679641941168,0.0222928368024394
2016,"taotaha",2,-17.53336667,-149.9188167,13.60999966,0.54,0,3.81868476278323,3.00336287484917,4.57505804900638,0,0,0
2016,"taotaha",3,-17.53336667,-149.9188167,13.60999966,0.64,0,4.52584860774309,3.55954118500642,5.4222910210446,0,0,0
2016,"temae",1,-17.50675,-149.7599667,10.21000004,0.72,0.08,5.566407860079,4.62293727421331,6.4328428420168,0.0730146997054994,0.0602718567764672,0.0891713472097578
2016,"temae",2,-17.50675,-149.7599667,10.21000004,0.76,0,5.8756527411945,4.87976712278071,6.79022299990662,0,0,0
2016,"temae",3,-17.50675,-149.7599667,10.21000004,0.86,0,6.64876494398325,5.52184174419923,7.68367339463118,0,0,0
2016,"tetaiuo",1,-17.50521667,-149.9275333,15,0.62,0,4.25280203271772,3.262236136805,5.14080586717271,0,0,0
2016,"tetaiuo",2,-17.50521667,-149.9275333,15,0.54,0,3.70405338333479,2.84130244173339,4.4774760778601,0,0,0
2016,"tetaiuo",3,-17.50521667,-149.9275333,15,0.5,0,3.42967905864332,2.63083559419758,4.1458111832038,0,0,0
2016,"tiahura",1,-17.48283333,-149.8994444,12.32999992,0.1,0.02,0.729944906775937,0.587730172177166,0.863048068558794,0.0182536749263748,0.0150679641941168,0.0222928368024394
2016,"tiahura",2,-17.48283333,-149.8994444,12.32999992,0.42,0,3.06576860845894,2.4684667231441,3.62480188794693,0,0,0
2016,"tiahura",3,-17.48283333,-149.8994444,12.32999992,0.86,0,6.27752619827306,5.05447948072363,7.42221338960563,0,0,0
2017,"afareaitu",1,-17.56918333,-149.7840833,8.93999958,0.56,0,4.49311170922002,3.81190394468474,5.12643729624164,0,0,0
2017,"afareaitu",2,-17.56918333,-149.7840833,8.93999958,0.76,0,6.09779446251289,5.17329821064357,6.95730775918509,0,0,0
2017,"afareaitu",3,-17.56918333,-149.7840833,8.93999958,0.78,0,6.25826273784218,5.30943763723945,7.14039480547943,0,0,0
2017,"aroa",1,-17.47075,-149.7774,5.940000057,0.26,0.04,2.33085653181767,2.0731540564591,2.57214335589407,0.0365073498527497,0.0301359283882336,0.0445856736048789
2017,"aroa",2,-17.47075,-149.7774,5.940000057,0.42,0.02,3.765229782167,3.34894116812623,4.15500080567503,0.0182536749263748,0.0150679641941168,0.0222928368024394
2017,"aroa",3,-17.47075,-149.7774,5.940000057,0.56,0.06,5.02030637622267,4.46525489083497,5.54000107423337,0.0547610247791245,0.0452038925823504,0.0668785104073183
2017,"entre_2_baies",1,-17.47553333,-149.8370333,5.980000019,0.24,0.04,2.14816548626717,1.92398890890978,2.38603867183844,0.0365073498527497,0.0301359283882336,0.0445856736048789
2017,"entre_2_baies",2,-17.47553333,-149.8370333,5.980000019,0.2,0.02,1.79013790522264,1.60332409075815,1.98836555986537,0.0182536749263748,0.0150679641941168,0.0222928368024394
2017,"entre_2_baies",3,-17.47553333,-149.8370333,5.980000019,0.12,0.04,1.07408274313359,0.961994454454891,1.19301933591922,0.0365073498527497,0.0301359283882336,0.0445856736048789
2017,"gendron",1,-17.4995,-149.9275667,11.80000019,0.44,0,3.2550914845637,2.6467285877816,3.82984526949558,0,0,0
2017,"gendron",2,-17.4995,-149.9275667,11.80000019,0.34,0,2.51529796534467,2.04519936328578,2.95942589006477,0,0,0
2017,"gendron",3,-17.4995,-149.9275667,11.80000019,0.54,0,3.99488500378272,3.24825781227742,4.70026464892639,0,0,0
2017,"haapiti",1,-17.55438333,-149.8977333,8.079999924,0.58,0,4.78923876195615,4.11133939676781,5.40795550668721,0,0,0
2017,"haapiti",2,-17.55438333,-149.8977333,8.079999924,0.44,0,3.63321561251845,3.11894712858248,4.10258693610754,0,0,0
2017,"haapiti",3,-17.55438333,-149.8977333,8.079999924,0.8,0,6.60584656821537,5.67081296105905,7.45924897474098,0,0,0
2017,"maatea",1,-17.5962,-149.7945,6.739999771,0.78,0.02,6.76889029919304,5.95554765426381,7.55571173426289,0.0182536749263748,0.0150679641941168,0.0222928368024394
2017,"maatea",2,-17.5962,-149.7945,6.739999771,0.56,0.02,4.85971611224116,4.2757778030612,5.42461355280412,0.0182536749263748,0.0150679641941168,0.0222928368024394
2017,"maatea",3,-17.5962,-149.7945,6.739999771,0.54,0.02,4.68615482251826,4.12307145295187,5.23087735448969,0.0182536749263748,0.0150679641941168,0.0222928368024394
2017,"motu_ahi",1,-17.54446667,-149.7755667,15,0.66,0,4.52717635740919,3.47270298434081,5.47247076182901,0,0,0
2017,"motu_ahi",2,-17.54446667,-149.7755667,15,0.68,0,4.66436351975492,3.57793640810871,5.63830320915716,0,0,0
2017,"motu_ahi",3,-17.54446667,-149.7755667,15,0.6,0,4.11561487037199,3.1570027130371,4.97497341984456,0,0,0
2017,"nuarei",1,-17.50063333,-149.75465,10.59000015,0.54,0,4.12951636285174,3.42469518163409,4.80348220958639,0,0,0
2017,"nuarei",2,-17.50063333,-149.75465,10.59000015,0.74,0,5.65896686761164,4.69310080446153,6.58254969461839,0,0,0
2017,"nuarei",3,-17.50063333,-149.75465,10.59000015,0.66,0,5.04718666570768,4.18573855533055,5.87092270060559,0,0,0
2017,"pihaena",1,-17.4766,-149.8290333,8.18999958,0.66,0,5.42923765328232,4.65590702203757,6.13973663187104,0,0,0
2017,"pihaena",2,-17.4766,-149.8290333,8.18999958,0.4,0.02,3.29044706259535,2.82176183153792,3.72105250416427,0.0182536749263748,0.0150679641941168,0.0222928368024394
2017,"pihaena",3,-17.4766,-149.8290333,8.18999958,0.54,0,4.44210353450372,3.80937847257619,5.02342088062176,0,0,0
2017,"taotaha",1,-17.53336667,-149.9188167,13.60999966,0.44,0,3.11152091782337,2.44718456469192,3.72782507696816,0,0,0
2017,"taotaha",2,-17.53336667,-149.9188167,13.60999966,0.38,0.06,2.68722261084746,2.11347757859756,3.21948529374523,0.0547610247791245,0.0452038925823504,0.0668785104073183
2017,"taotaha",3,-17.53336667,-149.9188167,13.60999966,0.3,0.04,2.12149153487957,1.66853493047176,2.54169891611466,0.0365073498527497,0.0301359283882336,0.0445856736048789
2017,"temae",1,-17.50675,-149.7599667,10.21000004,0.7,0.12,5.41178541952125,4.4945223499296,6.25415276307189,0.109522049558249,0.0904077851647007,0.133757020814637
2017,"temae",2,-17.50675,-149.7599667,10.21000004,0.6,0,4.6386732167325,3.85244772851109,5.36070236834733,0,0,0
2017,"temae",3,-17.50675,-149.7599667,10.21000004,0.88,0,6.803387384541,5.65025666848293,7.86236347357609,0,0,0
2017,"tetaiuo",1,-17.50521667,-149.9275333,15,0.62,0.02,4.25280203271772,3.262236136805,5.14080586717271,0.0182536749263748,0.0150679641941168,0.0222928368024394
2017,"tetaiuo",2,-17.50521667,-149.9275333,15,0.7,0,4.80155068210065,3.68316983187662,5.80413565648532,0,0,0
2017,"tetaiuo",3,-17.50521667,-149.9275333,15,0.38,0.06,2.60655608456893,1.99943505159016,3.15081649923489,0.0547610247791245,0.0452038925823504,0.0668785104073183
2017,"tiahura",1,-17.48283333,-149.8994444,12.32999992,0.3,0,2.18983472032781,1.7631905165315,2.58914420567638,0,0,0
2017,"tiahura",2,-17.48283333,-149.8994444,12.32999992,0.32,0.02,2.335823701683,1.88073655096693,2.76175381938814,0.0182536749263748,0.0150679641941168,0.0222928368024394
2017,"tiahura",3,-17.48283333,-149.8994444,12.32999992,0.38,0,2.77379064574856,2.23337465427323,3.27958266052342,0,0,0
